{
  "Prestige": 50,
  "Sentiment": 0,
  "MediaHeat": 0,
  "DonorYieldMul": 1,
  "metrics": {
    "Prestige": -2.5434003733961674,
    "MediaHeat": -10.762006538690782
  }
}