{
  "schools": {
    "State U": {
      "programs": {
        "football": {
          "current_prestige": 53.83298218743117,
          "historical_rating": 63.09999530843278,
          "facility": {
            "condition": 0.7825672345646186,
            "nostalgia": 0.2
          }
        },
        "mens_bb": {
          "current_prestige": 54.707609952860814,
          "historical_rating": 63.459448289241564,
          "facility": {
            "condition": 0.7846369598796228,
            "nostalgia": 0.12
          }
        },
        "womens_bb": {
          "current_prestige": 54.07505859180817,
          "historical_rating": 63.706291758109046,
          "facility": {
            "condition": 0.8531517606010658,
            "nostalgia": 0.12
          }
        },
        "baseball": {
          "current_prestige": 55.76834967539957,
          "historical_rating": 73.94686751397121,
          "facility": {
            "condition": 0.8724984858648115,
            "nostalgia": 0.2
          }
        },
        "softball": {
          "current_prestige": 54.2610274223598,
          "historical_rating": 69.67848149227024,
          "facility": {
            "condition": 0.797880569803121,
            "nostalgia": 0.2
          }
        },
        "soccer": {
          "current_prestige": 53.623317118755445,
          "historical_rating": 71.15243073927344,
          "facility": {
            "condition": 0.8736791780628178,
            "nostalgia": 0.2
          }
        },
        "track": {
          "current_prestige": 51.6933231871007,
          "historical_rating": 65.79881558242657,
          "facility": {
            "condition": 0.7815887766732039,
            "nostalgia": 0.2
          }
        },
        "others": {
          "current_prestige": 52.797206925641326,
          "historical_rating": 63.11186482707451,
          "facility": {
            "condition": 0.7771042764375636,
            "nostalgia": 0.0
          }
        }
      },
      "meta": {
        "seasons": 10,
        "weeks": 50
      }
    },
    "School 029": {
      "programs": {
        "football": {
          "current_prestige": 55.999390888089565,
          "historical_rating": 63.81281184258345,
          "facility": {
            "condition": 0.8007238670386454,
            "nostalgia": 0.2
          }
        },
        "mens_bb": {
          "current_prestige": 52.7177766859833,
          "historical_rating": 64.37295612173756,
          "facility": {
            "condition": 0.856446096076521,
            "nostalgia": 0.12
          }
        },
        "womens_bb": {
          "current_prestige": 55.421401265738055,
          "historical_rating": 63.61466544620289,
          "facility": {
            "condition": 0.851294305056568,
            "nostalgia": 0.12
          }
        },
        "baseball": {
          "current_prestige": 56.132834662482686,
          "historical_rating": 68.9361042623503,
          "facility": {
            "condition": 0.821801245617307,
            "nostalgia": 0.2
          }
        },
        "softball": {
          "current_prestige": 51.525947271363584,
          "historical_rating": 65.49114580563901,
          "facility": {
            "condition": 0.7912100629279523,
            "nostalgia": 0.2
          }
        },
        "soccer": {
          "current_prestige": 55.65065742539845,
          "historical_rating": 67.56078360281094,
          "facility": {
            "condition": 0.8575202471690292,
            "nostalgia": 0.2
          }
        },
        "track": {
          "current_prestige": 54.21457280643551,
          "historical_rating": 69.21447717208378,
          "facility": {
            "condition": 0.8468252103215201,
            "nostalgia": 0.2
          }
        },
        "others": {
          "current_prestige": 52.02704545429774,
          "historical_rating": 68.01518725028005,
          "facility": {
            "condition": 0.7960217384573718,
            "nostalgia": 0.0
          }
        }
      },
      "meta": {
        "seasons": 10,
        "weeks": 50
      }
    }
  }
}