{
  "schools": {
    "State U": {
      "programs": {
        "football": {
          "current_prestige": 53.64284084315793,
          "historical_rating": 63.09999530843278,
          "facility": {
            "condition": 0.7965672345646171,
            "nostalgia": 0.2
          }
        },
        "mens_bb": {
          "current_prestige": 54.394610025588825,
          "historical_rating": 63.459448289241564,
          "facility": {
            "condition": 0.8042369598796237,
            "nostalgia": 0.12
          }
        },
        "womens_bb": {
          "current_prestige": 55.501883569567894,
          "historical_rating": 63.706291758109046,
          "facility": {
            "condition": 0.8727517606010667,
            "nostalgia": 0.12
          }
        },
        "baseball": {
          "current_prestige": 56.202452623286526,
          "historical_rating": 73.94686751397121,
          "facility": {
            "condition": 0.88649848586481,
            "nostalgia": 0.2
          }
        },
        "softball": {
          "current_prestige": 52.6723925867554,
          "historical_rating": 69.67848149227024,
          "facility": {
            "condition": 0.8118805698031195,
            "nostalgia": 0.2
          }
        },
        "soccer": {
          "current_prestige": 53.944620620608156,
          "historical_rating": 71.15243073927344,
          "facility": {
            "condition": 0.8876791780628163,
            "nostalgia": 0.2
          }
        },
        "track": {
          "current_prestige": 54.34532469824113,
          "historical_rating": 65.79881558242657,
          "facility": {
            "condition": 0.7955887766732024,
            "nostalgia": 0.2
          }
        },
        "others": {
          "current_prestige": 53.668771795109855,
          "historical_rating": 63.11186482707451,
          "facility": {
            "condition": 0.8051042764375637,
            "nostalgia": 0.0
          }
        }
      },
      "meta": {
        "seasons": 10,
        "weeks": 22
      }
    },
    "School 029": {
      "programs": {
        "football": {
          "current_prestige": 55.56788779604716,
          "historical_rating": 63.81281184258345,
          "facility": {
            "condition": 0.8147238670386439,
            "nostalgia": 0.2
          }
        },
        "mens_bb": {
          "current_prestige": 56.024037531343865,
          "historical_rating": 64.37295612173756,
          "facility": {
            "condition": 0.876046096076522,
            "nostalgia": 0.12
          }
        },
        "womens_bb": {
          "current_prestige": 54.64574029533436,
          "historical_rating": 63.61466544620289,
          "facility": {
            "condition": 0.870894305056569,
            "nostalgia": 0.12
          }
        },
        "baseball": {
          "current_prestige": 56.5650780398577,
          "historical_rating": 68.9361042623503,
          "facility": {
            "condition": 0.8358012456173055,
            "nostalgia": 0.2
          }
        },
        "softball": {
          "current_prestige": 53.666343336547186,
          "historical_rating": 65.49114580563901,
          "facility": {
            "condition": 0.8052100629279507,
            "nostalgia": 0.2
          }
        },
        "soccer": {
          "current_prestige": 53.61480993918409,
          "historical_rating": 67.56078360281094,
          "facility": {
            "condition": 0.8715202471690277,
            "nostalgia": 0.2
          }
        },
        "track": {
          "current_prestige": 54.09718622283431,
          "historical_rating": 69.21447717208378,
          "facility": {
            "condition": 0.8608252103215186,
            "nostalgia": 0.2
          }
        },
        "others": {
          "current_prestige": 52.5898331201248,
          "historical_rating": 68.01518725028005,
          "facility": {
            "condition": 0.8240217384573718,
            "nostalgia": 0.0
          }
        }
      },
      "meta": {
        "seasons": 10,
        "weeks": 22
      }
    }
  }
}