{
  "State U": 0.5481383914844854,
  "School 029": 0.5843119070088015
}