{
  "State U": 0.5441587606302255,
  "School 029": 0.5417929173945194
}