{
  "State U": 0.5615183973765736,
  "School 029": 0.5823191119572141
}