{
  "State U": 0.514154749238184,
  "School 029": 0.5129882814542694
}