{
  "State U": 0.4457741789302938,
  "School 029": 0.4393971815897872
}