{
  "State U": 0.38008535373754854,
  "School 029": 0.3814247744712113
}