{
  "State U": 0.4458386972274622,
  "School 029": 0.43949389261533206
}