{
  "State U": 0.3662544190682679,
  "School 029": 0.3867725969011971
}