{
  "\u2014": 0.08998870849609375,
  "State U": 0.225390625
}